Workbook

Sheet Tracker
A1: # | B1: Name | C1: Title | D1: Company | E1: Headcount | F1: LinkedIn URL | G1: Email | H1: Hook / Trigger | I1: Status | J1: Day 0 sent | K1: Day 2 bump | L1: Day 4 value | M1: Day 7 close | N1: Day 14 close | O1: Days since touch | P1: Reply notes | Q1: Next action
A2: 1 | O2: =IF(COUNT(J2:N2)=0,"",TODAY()-MAX(J2:N2))
A3: 2 | O3: =IF(COUNT(J3:N3)=0,"",TODAY()-MAX(J3:N3))
A4: 3 | O4: =IF(COUNT(J4:N4)=0,"",TODAY()-MAX(J4:N4))
A5: 4 | O5: =IF(COUNT(J5:N5)=0,"",TODAY()-MAX(J5:N5))
A6: 5 | O6: =IF(COUNT(J6:N6)=0,"",TODAY()-MAX(J6:N6))
A7: 6 | O7: =IF(COUNT(J7:N7)=0,"",TODAY()-MAX(J7:N7))
A8: 7 | O8: =IF(COUNT(J8:N8)=0,"",TODAY()-MAX(J8:N8))
A9: 8 | O9: =IF(COUNT(J9:N9)=0,"",TODAY()-MAX(J9:N9))
A10: 9 | O10: =IF(COUNT(J10:N10)=0,"",TODAY()-MAX(J10:N10))
A11: 10 | O11: =IF(COUNT(J11:N11)=0,"",TODAY()-MAX(J11:N11))
A12: 11 | O12: =IF(COUNT(J12:N12)=0,"",TODAY()-MAX(J12:N12))
A13: 12 | O13: =IF(COUNT(J13:N13)=0,"",TODAY()-MAX(J13:N13))
... A51: 50 | O51: =IF(COUNT(J51:N51)=0,"",TODAY()-MAX(J51:N51))

Sheet Templates
A1: Day 0 — initial | B1: Subject: the spreadsheet behind your AI bill [First name] — I noticed [Company] is in the size where ChatGPT Team + Slack Business+ + Asana Business + DocuSign + 1Password is running about $238/seat/month. Across [N] seats that's $[N*238*12]/yr. We built a tool that shows you exactly what your stack costs vs. running the same stack on a single piece of hardware that lives in your office — no per-seat fees, no AI bill, no vendor training on your customer data. It takes about a minute: https://bestly.tech/cloud (the calculator at the bottom) If the number is interesting, I can walk you through a 30-minute discovery. Reply with a yes and I'll send a Cal link. — Jared Founder, Bestly
A2: Day 2 — bump | B2: Bumping this in case it got buried — same question, different angle: if I sent you the cost-comparison PDF for [Company]'s specific stack would that be useful, or skip it?
A3: Day 4 — value | B3: No need to reply. Just thought you'd want this: our last 10 customers at your size cut their AI + collaboration spend by an average of 71% over three years. The math is at bestly.tech/cloud — the calculator is the one near the bottom.
A4: Day 7 — soft close | B4: Last note from me on this thread. If now isn't the right time, no problem — when would be? I'll set a reminder. Otherwise I'll close the loop.
A5: Day 14 — permission close | B5: Closing the loop on this. If something changes on the privacy or cost-cutting side and you want to revisit, my line is always open. Thanks for considering.
A6: Day 30 — trigger restart | B6: Saw [trigger: their company posted X / they posted Y / their vendor raised prices]. Worth another conversation?
A7: --- HOOKS --- | B7: Use one of these in column H (Hook / Trigger)
A8: Hook A | B8: Just posted about consolidating their marketing stack
A9: Hook B | B9: Hiring 'AI Operations' / 'Marketing AI Specialist' role
A10: Hook C | B10: Just raised Series B/C — compliance review imminent
A11: Hook D | B11: Posted about SOC 2 / ISO 27001 / GDPR work
A12: Hook E | B12: Complained publicly about a SaaS vendor price hike or outage
... A17: Hook J | B17: Mentioned ChatGPT Team + data leak / compliance in a post

Sheet Pipeline
A1: Status | B1: Count | C1: % of total contacted
A2: pending | B2: =COUNTIF(Tracker!I2:I51,"pending") -> 0 | C2: =IFERROR(B2/SUM($B$2:$B$12),0) -> 0
A3: sent D0 | B3: =COUNTIF(Tracker!I2:I51,"sent D0") -> 0 | C3: =IFERROR(B3/SUM($B$2:$B$12),0) -> 0
A4: sent D2 | B4: =COUNTIF(Tracker!I2:I51,"sent D2") -> 0 | C4: =IFERROR(B4/SUM($B$2:$B$12),0) -> 0
A5: sent D4 | B5: =COUNTIF(Tracker!I2:I51,"sent D4") -> 0 | C5: =IFERROR(B5/SUM($B$2:$B$12),0) -> 0
A6: sent D7 | B6: =COUNTIF(Tracker!I2:I51,"sent D7") -> 0 | C6: =IFERROR(B6/SUM($B$2:$B$12),0) -> 0
A7: sent D14 | B7: =COUNTIF(Tracker!I2:I51,"sent D14") -> 0 | C7: =IFERROR(B7/SUM($B$2:$B$12),0) -> 0
A8: replied | B8: =COUNTIF(Tracker!I2:I51,"replied") -> 0 | C8: =IFERROR(B8/SUM($B$2:$B$12),0) -> 0
A9: meeting booked | B9: =COUNTIF(Tracker!I2:I51,"meeting booked") -> 0 | C9: =IFERROR(B9/SUM($B$2:$B$12),0) -> 0
A10: closed-won | B10: =COUNTIF(Tracker!I2:I51,"closed-won") -> 0 | C10: =IFERROR(B10/SUM($B$2:$B$12),0) -> 0
A11: closed-lost | B11: =COUNTIF(Tracker!I2:I51,"closed-lost") -> 0 | C11: =IFERROR(B11/SUM($B$2:$B$12),0) -> 0
A12: nurture | B12: =COUNTIF(Tracker!I2:I51,"nurture") -> 0 | C12: =IFERROR(B12/SUM($B$2:$B$12),0) -> 0
A13: TOTAL | B13: =SUM(B2:B12) -> 0
A16: KEY RATIOS
A17: Reply rate | B17: =IFERROR((COUNTIF(Tracker!I2:I51,"replied")+COUNTIF(Tracker!I2:I51,"meeting booked")+COUNTIF(Tracker!I2:I51,"closed-won")+COUNTIF(Tracker!I2:I51,"closed-lost"))/MAX(1,(COUNTA(Tracker!I2:I51)-COUNTIF(Tracker!I2:I51,"pending"))),0) -> 0
A18: Meeting rate (of replies) | B18: =IFERROR(COUNTIF(Tracker!I2:I51,"meeting booked")/MAX(1,COUNTIF(Tracker!I2:I51,"replied")+COUNTIF(Tracker!I2:I51,"meeting booked")+COUNTIF(Tracker!I2:I51,"closed-won")+COUNTIF(Tracker!I2:I51,"closed-lost")),0) -> 0
A19: Close rate (of meetings) | B19: =IFERROR(COUNTIF(Tracker!I2:I51,"closed-won")/MAX(1,COUNTIF(Tracker!I2:I51,"meeting booked")+COUNTIF(Tracker!I2:I51,"closed-won")+COUNTIF(Tracker!I2:I51,"closed-lost")),0) -> 0
A21: TARGETS (from playbook §9)
A22: Reply rate target | B22: 8–12%
A23: Demo-book target | B23: 30%
A24: Demo-to-close target | B24: 20% Y1 / 35% Y2
